{"cameraMode":{"drawMode":0,"name":"Shaded","section":"Shading Mode"},"sceneLighting":true,"audioPlay":false,"sceneViewState":{"m_AlwaysRefresh":false,"showFog":true,"showSkybox":true,"showFlares":true,"showImageEffects":true,"showParticleSystems":true,"showVisualEffectGraphs":true,"m_FxEnabled":true},"in2DMode":false,"pivot":{"x":25.405866622924806,"y":83.1480941772461,"z":-121.29643249511719},"rotation":{"x":0.13341429829597474,"y":0.0003070987295359373,"z":-0.000043883046600967646,"w":0.9910924434661865},"size":111.0993423461914,"orthographic":true}