{"cameraMode":{"drawMode":0,"name":"Shaded","section":"Shading Mode"},"sceneLighting":true,"audioPlay":false,"sceneViewState":{"m_AlwaysRefresh":false,"showFog":true,"showSkybox":true,"showFlares":true,"showImageEffects":true,"showParticleSystems":true,"showVisualEffectGraphs":true,"m_FxEnabled":true},"in2DMode":false,"pivot":{"x":493.0413818359375,"y":250.57858276367188,"z":-2.3023223876953127},"rotation":{"x":0.027284137904644014,"y":0.04046909883618355,"z":-0.0011054424103349448,"w":0.9988085031509399},"size":318.7608642578125,"orthographic":true}