{"cameraMode":{"drawMode":0,"name":"Shaded","section":"Shading Mode"},"sceneLighting":true,"audioPlay":false,"sceneViewState":{"m_AlwaysRefresh":false,"showFog":true,"showSkybox":true,"showFlares":true,"showImageEffects":true,"showParticleSystems":true,"showVisualEffectGraphs":true,"m_FxEnabled":true},"in2DMode":false,"pivot":{"x":420.1307678222656,"y":209.1232452392578,"z":-1.3235630989074708},"rotation":{"x":-0.02962689846754074,"y":-0.06293535977602005,"z":-0.0018690073629841209,"w":0.997577965259552},"size":307.51763916015627,"orthographic":true}